-- phpMyAdmin SQL Dump
-- version 5.2.1
-- https://www.phpmyadmin.net/
--
-- Host: 127.0.0.1
-- Generation Time: Mar 19, 2024 at 09:01 AM
-- Server version: 10.4.32-MariaDB
-- PHP Version: 8.1.25

SET SQL_MODE = "NO_AUTO_VALUE_ON_ZERO";
START TRANSACTION;
SET time_zone = "+00:00";


/*!40101 SET @OLD_CHARACTER_SET_CLIENT=@@CHARACTER_SET_CLIENT */;
/*!40101 SET @OLD_CHARACTER_SET_RESULTS=@@CHARACTER_SET_RESULTS */;
/*!40101 SET @OLD_COLLATION_CONNECTION=@@COLLATION_CONNECTION */;
/*!40101 SET NAMES utf8mb4 */;

--
-- Database: `wms01`
--

-- --------------------------------------------------------

--
-- Table structure for table `groups`
--

CREATE TABLE `groups` (
  `id` bigint(20) UNSIGNED NOT NULL,
  `name` varchar(255) DEFAULT NULL,
  `created_at` timestamp NULL DEFAULT NULL,
  `updated_at` timestamp NULL DEFAULT NULL
) ENGINE=InnoDB DEFAULT CHARSET=utf8mb4 COLLATE=utf8mb4_unicode_ci;

-- --------------------------------------------------------

--
-- Table structure for table `item_masters`
--

CREATE TABLE `item_masters` (
  `id` bigint(20) UNSIGNED NOT NULL,
  `item_name` varchar(255) DEFAULT NULL,
  `item_code` varchar(255) DEFAULT NULL,
  `item_description` varchar(255) DEFAULT NULL,
  `category` varchar(255) DEFAULT NULL,
  `brand_name` varchar(255) DEFAULT NULL,
  `gst` int(11) DEFAULT NULL,
  `price` decimal(11,2) DEFAULT NULL,
  `avl_stock` varchar(100) NOT NULL,
  `mfg_date` datetime DEFAULT NULL,
  `mfg_name` varchar(255) DEFAULT NULL,
  `fi_raw` varchar(255) DEFAULT NULL,
  `ean_no` varchar(255) DEFAULT NULL,
  `pack_size` varchar(255) DEFAULT NULL,
  `unit_id` decimal(8,2) DEFAULT NULL,
  `unit_type` varchar(255) DEFAULT NULL,
  `cogs` decimal(8,2) DEFAULT NULL,
  `rm_type` varchar(255) DEFAULT NULL,
  `imported` varchar(255) DEFAULT NULL COMMENT 'Imported/Domestic',
  `country` varchar(255) DEFAULT NULL,
  `type_of_item` varchar(255) DEFAULT NULL,
  `hsn_code` varchar(255) DEFAULT NULL,
  `self_life_days` varchar(255) DEFAULT NULL,
  `created_at` timestamp NULL DEFAULT NULL,
  `updated_at` timestamp NULL DEFAULT NULL
) ENGINE=InnoDB DEFAULT CHARSET=utf8mb4 COLLATE=utf8mb4_unicode_ci;

--
-- Dumping data for table `item_masters`
--

INSERT INTO `item_masters` (`id`, `item_name`, `item_code`, `item_description`, `category`, `brand_name`, `gst`, `price`, `avl_stock`, `mfg_date`, `mfg_name`, `fi_raw`, `ean_no`, `pack_size`, `unit_id`, `unit_type`, `cogs`, `rm_type`, `imported`, `country`, `type_of_item`, `hsn_code`, `self_life_days`, `created_at`, `updated_at`) VALUES
(1, 'CENTURY PAPER A4', '8900001', 'CENTURY PAPER A4', 'STATIONERY', NULL, 12, 148.00, '5000', '2024-02-29 15:16:07', 'J K Paper', NULL, NULL, NULL, NULL, NULL, NULL, NULL, NULL, NULL, NULL, NULL, NULL, NULL, NULL),
(2, 'CENTURY PAPER LEGAL', '8900002', 'CENTURY PAPER LEGAL', 'STATIONERY', NULL, 12, 148.00, '900', '2024-02-29 15:16:07', 'J K Paper', NULL, NULL, NULL, NULL, NULL, NULL, NULL, NULL, NULL, NULL, NULL, NULL, NULL, NULL),
(3, 'USE & THROUGH PEN', '8900003', 'USE & THROUGH PEN', 'STATIONERY', NULL, 12, 1.30, '5000', '2024-02-29 15:16:07', 'ITC ', NULL, NULL, NULL, NULL, NULL, NULL, NULL, NULL, NULL, NULL, NULL, NULL, NULL, NULL),
(4, 'REGISTER 96 PAGES A4 SIZE', '8900004', 'REGISTER 96 PAGES A4 SIZE', 'STATIONERY', NULL, 12, 21.43, '2560', '2024-02-29 15:16:07', 'J K Paper', NULL, NULL, NULL, NULL, NULL, NULL, NULL, NULL, NULL, NULL, NULL, NULL, NULL, NULL),
(5, 'STAPLER PIN', '8900005', 'STAPLER PIN', 'STATIONERY', NULL, 12, 240.00, '5462', '2024-02-29 15:16:07', 'Keny Stationery', NULL, NULL, NULL, NULL, NULL, NULL, NULL, NULL, NULL, NULL, NULL, NULL, NULL, NULL),
(6, 'CARBON PAPER', '8900006', 'CARBON PAPER', 'STATIONERY', NULL, 12, 142.00, '5000', '2024-02-29 15:16:07', 'Keny Stationery', NULL, NULL, NULL, NULL, NULL, NULL, NULL, NULL, NULL, NULL, NULL, NULL, NULL, NULL),
(7, 'CALCULATOR CASIO', '8900007', 'CALCULATOR CASIO', 'STATIONERY', NULL, 12, 351.00, '5000', '2024-02-29 15:16:07', 'Keny Stationery', NULL, NULL, NULL, NULL, NULL, NULL, NULL, NULL, NULL, NULL, NULL, NULL, NULL, NULL),
(8, 'SPECIAL COBRA FILE', '8900008', 'SPECIAL COBRA FILE', 'STATIONERY', NULL, 12, 27.35, '5000', '2024-02-29 15:16:07', 'Keny Stationery', NULL, NULL, NULL, NULL, NULL, NULL, NULL, NULL, NULL, NULL, NULL, NULL, NULL, NULL),
(9, 'INDEX FILE (K/COL.)', '8900009', 'INDEX FILE (K/COL.)', 'STATIONERY', NULL, 12, 26.10, '5000', '2024-02-29 15:16:07', 'Keny Stationery', NULL, NULL, NULL, NULL, NULL, NULL, NULL, NULL, NULL, NULL, NULL, NULL, NULL, NULL),
(10, 'BOX FILE  (PVC)', '8900010', 'BOX FILE (PVC)', 'STATIONERY', NULL, 12, 55.00, '856', '2024-02-29 15:16:07', 'Keny Stationery', NULL, NULL, NULL, NULL, NULL, NULL, NULL, NULL, NULL, NULL, NULL, NULL, NULL, NULL),
(11, 'REYNOLDS PEN', '8900011', 'REYNOLDS PEN', 'STATIONERY', NULL, 12, 20.00, '5000', '2024-02-29 15:16:07', 'Keny Stationery', NULL, NULL, NULL, NULL, NULL, NULL, NULL, NULL, NULL, NULL, NULL, NULL, NULL, NULL),
(12, 'BUTTERFLOW PEN 10', '8900012', 'BUTTERFLOW PEN 10', 'STATIONERY', NULL, 12, 200.00, '5000', '2024-02-29 15:16:07', 'ITC ', NULL, NULL, NULL, NULL, NULL, NULL, NULL, NULL, NULL, NULL, NULL, NULL, NULL, NULL),
(13, 'MULTI COLOUR PEN 1 IN 4', '8900013', 'MULTI COLOUR PEN 1 IN 4', 'STATIONERY', NULL, NULL, NULL, '', NULL, NULL, NULL, NULL, NULL, NULL, NULL, NULL, NULL, NULL, NULL, NULL, NULL, NULL, NULL, NULL);

-- --------------------------------------------------------

--
-- Table structure for table `m99branchmaster`
--

CREATE TABLE `m99branchmaster` (
  `id` int(11) NOT NULL,
  `groupId` int(11) DEFAULT 13,
  `userId` int(11) DEFAULT NULL,
  `UserType` varchar(250) DEFAULT NULL,
  `branchCode` int(11) DEFAULT NULL,
  `branchName` varchar(100) DEFAULT NULL,
  `branch_short_name` varchar(255) DEFAULT NULL,
  `branch_group` varchar(255) DEFAULT NULL,
  `branch_email` varchar(255) DEFAULT NULL,
  `branch_tel_no.` varchar(100) DEFAULT NULL,
  `mobile_no.` varchar(100) DEFAULT NULL
) ENGINE=InnoDB DEFAULT CHARSET=utf8 COLLATE=utf8_unicode_ci;

--
-- Dumping data for table `m99branchmaster`
--

INSERT INTO `m99branchmaster` (`id`, `groupId`, `userId`, `UserType`, `branchCode`, `branchName`, `branch_short_name`, `branch_group`, `branch_email`, `branch_tel_no.`, `mobile_no.`) VALUES
(1, 13, NULL, NULL, 2, 'GLAMIC HYGIENE', 'GH', 'TPM', 'GLAMICHYGIENE@YAHOO.COM', '9560895593', '9560895592'),
(2, 13, NULL, NULL, 1, 'HEAD OFFICE', 'HO', 'H.O.', 'mayank-modicare@modi-ent.com', NULL, '9717005422'),
(3, 13, NULL, NULL, 4, 'HELIOS PACKAGING', 'HP', 'TPM', NULL, NULL, NULL),
(4, 13, NULL, NULL, 5, 'JERICHEM', 'JER', 'TPM', 'JERICHEM@JERICHO.CO.IN', '8011585204', '9854050155'),
(5, 13, NULL, NULL, 3, 'WONDER HYGIENE', 'WH', 'TPM', NULL, NULL, NULL);

-- --------------------------------------------------------

--
-- Table structure for table `migrations`
--

CREATE TABLE `migrations` (
  `id` int(10) UNSIGNED NOT NULL,
  `migration` varchar(255) NOT NULL,
  `batch` int(11) NOT NULL
) ENGINE=InnoDB DEFAULT CHARSET=utf8mb4 COLLATE=utf8mb4_unicode_ci;

--
-- Dumping data for table `migrations`
--

INSERT INTO `migrations` (`id`, `migration`, `batch`) VALUES
(2, '2014_10_12_100000_create_password_reset_tokens_table', 1),
(3, '2019_08_19_000000_create_failed_jobs_table', 1),
(4, '2019_12_14_000001_create_personal_access_tokens_table', 1),
(5, '2024_02_20_042427_create_table_for_get_sale_order', 2),
(8, '2024_02_20_043627_create_get_sale_invoices_table', 3),
(9, '2024_02_20_054940_create_get_purchase_vouchers_table', 4),
(10, '2024_02_20_060022_create_get_purchase_orders_table', 5),
(11, '2024_02_20_061307_create_get_p_u_challan_returns_table', 5),
(12, '2024_02_20_061921_create_get_stock_transfer_ins_table', 5),
(13, '2024_02_20_062223_create_get_stock_transfer_outs_table', 5),
(14, '2024_02_20_062842_create_get_stock_in_hands_table', 5),
(15, '2024_02_20_064116_create_employee_disc_points_statuses_table', 6),
(16, '2024_02_20_065145_create_get_delivery_orders_table', 7),
(17, '2024_02_20_105555_create_po_product_msts_table', 8),
(18, '2024_02_20_110828_create_po_vendor_msts_table', 8),
(19, '2024_02_20_111059_create_po_data_table', 9),
(32, '2024_02_23_063701_create_stock_outs_table', 14),
(34, '2024_02_23_100829_create_item_masters_table', 15),
(38, '2024_02_22_073955_create_stock_receipt_list_items_table', 17),
(39, '2024_02_21_104559_create_stock_receipts_table', 18),
(40, '2014_10_12_000000_create_users_table', 19),
(41, '2024_03_18_080647_create_groups_table', 20),
(42, '2024_03_18_080726_create_user_types_table', 20),
(43, '2024_03_18_110442_update_stock_receipts_table', 21);

-- --------------------------------------------------------

--
-- Table structure for table `password_reset_tokens`
--

CREATE TABLE `password_reset_tokens` (
  `email` varchar(255) NOT NULL,
  `token` varchar(255) NOT NULL,
  `created_at` timestamp NULL DEFAULT NULL
) ENGINE=InnoDB DEFAULT CHARSET=utf8mb4 COLLATE=utf8mb4_unicode_ci;

-- --------------------------------------------------------

--
-- Table structure for table `personal_access_tokens`
--

CREATE TABLE `personal_access_tokens` (
  `id` bigint(20) UNSIGNED NOT NULL,
  `tokenable_type` varchar(255) NOT NULL,
  `tokenable_id` bigint(20) UNSIGNED NOT NULL,
  `name` varchar(255) NOT NULL,
  `token` varchar(64) NOT NULL,
  `abilities` text DEFAULT NULL,
  `last_used_at` timestamp NULL DEFAULT NULL,
  `expires_at` timestamp NULL DEFAULT NULL,
  `created_at` timestamp NULL DEFAULT NULL,
  `updated_at` timestamp NULL DEFAULT NULL
) ENGINE=InnoDB DEFAULT CHARSET=utf8mb4 COLLATE=utf8mb4_unicode_ci;

-- --------------------------------------------------------

--
-- Table structure for table `po_vendor_mst`
--

CREATE TABLE `po_vendor_mst` (
  `group_id` int(11) NOT NULL DEFAULT 0,
  `vendor_id` int(11) NOT NULL,
  `register_user_id` varchar(100) DEFAULT NULL,
  `contactPerson` varchar(50) DEFAULT NULL,
  `companyName` varchar(300) DEFAULT NULL,
  `department` varchar(100) DEFAULT NULL,
  `vendorType` varchar(20) DEFAULT NULL,
  `buyerEmail` varchar(200) DEFAULT NULL,
  `asstBuyerEmail` varchar(250) DEFAULT NULL,
  `vendorCode` varchar(20) DEFAULT NULL,
  `accountCode` varchar(50) DEFAULT NULL,
  `resPhoneNumber` varchar(20) DEFAULT NULL,
  `persNumber` varchar(15) DEFAULT NULL,
  `companyAddress` varchar(500) DEFAULT NULL,
  `companyAddress2` varchar(250) DEFAULT NULL,
  `companyAddress3` varchar(250) DEFAULT NULL,
  `companyNumber` varchar(30) DEFAULT NULL,
  `registered` enum('Registered','Unregistered') DEFAULT NULL,
  `regDate` varchar(50) DEFAULT NULL,
  `gstNumber` varchar(100) DEFAULT NULL,
  `panNumber` varchar(50) DEFAULT NULL,
  `pinCodeId` varchar(50) DEFAULT NULL,
  `cityId` varchar(50) DEFAULT NULL,
  `stateId` varchar(50) DEFAULT NULL,
  `bankName` varchar(100) DEFAULT NULL,
  `bankAddress` varchar(250) DEFAULT NULL,
  `company_email` varchar(200) DEFAULT NULL,
  `status` enum('Inactive','Active','Cancelled') DEFAULT NULL,
  `remarks` varchar(250) DEFAULT NULL,
  `created_on` datetime DEFAULT current_timestamp(),
  `updated_on` datetime DEFAULT NULL,
  `advance` varchar(100) DEFAULT NULL,
  `payment_type` varchar(100) DEFAULT NULL,
  `in_days` varchar(100) DEFAULT NULL,
  `on_the_basic_of` varchar(100) DEFAULT NULL
) ENGINE=InnoDB DEFAULT CHARSET=utf8mb4 COLLATE=utf8mb4_unicode_ci;

--
-- Dumping data for table `po_vendor_mst`
--

INSERT INTO `po_vendor_mst` (`group_id`, `vendor_id`, `register_user_id`, `contactPerson`, `companyName`, `department`, `vendorType`, `buyerEmail`, `asstBuyerEmail`, `vendorCode`, `accountCode`, `resPhoneNumber`, `persNumber`, `companyAddress`, `companyAddress2`, `companyAddress3`, `companyNumber`, `registered`, `regDate`, `gstNumber`, `panNumber`, `pinCodeId`, `cityId`, `stateId`, `bankName`, `bankAddress`, `company_email`, `status`, `remarks`, `created_on`, `updated_on`, `advance`, `payment_type`, `in_days`, `on_the_basic_of`) VALUES
(7, 1, '703', NULL, 'KHANDELWAL BROS.', 'ADMIN', NULL, NULL, NULL, '2001', '2001', NULL, NULL, NULL, NULL, NULL, NULL, NULL, NULL, NULL, NULL, NULL, NULL, NULL, NULL, NULL, NULL, NULL, NULL, '2024-02-19 19:28:17', NULL, NULL, NULL, NULL, NULL),
(7, 2, '703', NULL, 'SHIVAM LABEL -NEW DELHI', 'ADMIN', NULL, NULL, NULL, '2002', '2002', NULL, NULL, NULL, NULL, NULL, NULL, NULL, NULL, NULL, NULL, NULL, NULL, NULL, NULL, NULL, NULL, NULL, NULL, '2024-02-19 19:28:17', NULL, NULL, NULL, NULL, NULL),
(7, 3, '703', NULL, 'ANAND GRAPHICS', 'ADMIN', NULL, NULL, NULL, '2003', '2003', NULL, NULL, NULL, NULL, NULL, NULL, NULL, NULL, NULL, NULL, NULL, NULL, NULL, NULL, NULL, NULL, NULL, NULL, '2024-02-19 19:28:17', NULL, NULL, NULL, NULL, NULL),
(7, 4, '703', NULL, 'IMAGE OPTICS -DELHI', 'ADMIN', NULL, NULL, NULL, '2004', '2004', NULL, NULL, NULL, NULL, NULL, NULL, NULL, NULL, NULL, NULL, NULL, NULL, NULL, NULL, NULL, NULL, NULL, NULL, '2024-02-19 19:28:17', NULL, NULL, NULL, NULL, NULL),
(7, 5, '703', NULL, 'GAYATRI ENTERPRISES -NEW DELHI', 'ADMIN', NULL, NULL, NULL, '2005', '2005', NULL, NULL, NULL, NULL, NULL, NULL, NULL, NULL, NULL, NULL, NULL, NULL, NULL, NULL, NULL, NULL, NULL, NULL, '2024-02-19 19:28:17', NULL, NULL, NULL, NULL, NULL),
(7, 6, '703', NULL, 'DIMPAL IRON FACTORY -NEW DELHI', 'ADMIN', NULL, NULL, NULL, '2006', '2006', NULL, NULL, NULL, NULL, NULL, NULL, NULL, NULL, NULL, NULL, NULL, NULL, NULL, NULL, NULL, NULL, NULL, NULL, '2024-02-19 19:28:17', NULL, NULL, NULL, NULL, NULL),
(7, 7, '703', NULL, 'GANGA FIRE SAFETY -NEW DELHI', 'ADMIN', NULL, NULL, NULL, '2007', '2007', NULL, NULL, NULL, NULL, NULL, NULL, NULL, NULL, NULL, NULL, NULL, NULL, NULL, NULL, NULL, NULL, NULL, NULL, '2024-02-19 19:28:17', NULL, NULL, NULL, NULL, NULL),
(7, 8, '703', NULL, 'DEVA ENTERPRISES', 'ADMIN', NULL, NULL, NULL, '2008', '2008', NULL, NULL, NULL, NULL, NULL, NULL, NULL, NULL, NULL, NULL, NULL, NULL, NULL, NULL, NULL, NULL, NULL, NULL, '2024-02-19 19:28:17', NULL, NULL, NULL, NULL, NULL),
(7, 9, '703', NULL, 'HIM TECHNOLOGY PRIVATE LIMITED -NOIDA', 'ADMIN', NULL, NULL, NULL, '2009', '2009', NULL, NULL, NULL, NULL, NULL, NULL, NULL, NULL, NULL, NULL, NULL, NULL, NULL, NULL, NULL, NULL, NULL, NULL, '2024-02-19 19:28:17', NULL, NULL, NULL, NULL, NULL),
(7, 10, '703', NULL, 'J C NETWORK AND COMPUTERS -NEW DELHI', 'ADMIN', NULL, NULL, NULL, '2010', '2010', NULL, NULL, NULL, NULL, NULL, NULL, NULL, NULL, NULL, NULL, NULL, NULL, NULL, NULL, NULL, NULL, NULL, NULL, '2024-02-19 19:28:17', NULL, NULL, NULL, NULL, NULL),
(7, 11, '703', NULL, 'Interlink Information system Pvt. Ltd -New Delhi', 'ADMIN', NULL, NULL, NULL, '2011', '2011', NULL, NULL, NULL, NULL, NULL, NULL, NULL, NULL, NULL, NULL, NULL, NULL, NULL, NULL, NULL, NULL, NULL, NULL, '2024-02-19 19:28:17', NULL, NULL, NULL, NULL, NULL),
(7, 12, '703', NULL, 'BEHERA ENTERPRISES -DELHI', 'ADMIN', NULL, NULL, NULL, '2012', '2012', NULL, NULL, NULL, NULL, NULL, NULL, NULL, NULL, NULL, NULL, NULL, NULL, NULL, NULL, NULL, NULL, NULL, NULL, '2024-02-19 19:28:17', NULL, NULL, NULL, NULL, NULL),
(7, 13, '703', NULL, 'R.K. INFOTECH -NEW DELHI', 'ADMIN', NULL, NULL, NULL, '2013', '2013', NULL, NULL, NULL, NULL, NULL, NULL, NULL, NULL, NULL, NULL, NULL, NULL, NULL, NULL, NULL, NULL, NULL, NULL, '2024-02-19 19:28:17', NULL, NULL, NULL, NULL, NULL),
(7, 14, '703', NULL, 'INTERLINK INFORMATION SYSTEMS PVT LTD', 'ADMIN', NULL, NULL, NULL, '2014', '2014', NULL, NULL, NULL, NULL, NULL, NULL, NULL, NULL, NULL, NULL, NULL, NULL, NULL, NULL, NULL, NULL, NULL, NULL, '2024-02-19 19:28:17', NULL, NULL, NULL, NULL, NULL),
(7, 15, '703', NULL, 'HIM TECHNOLOGY DISTRIBUTION -NOIDA', 'ADMIN', NULL, NULL, NULL, '2015', '2015', NULL, NULL, NULL, NULL, NULL, NULL, NULL, NULL, NULL, NULL, NULL, NULL, NULL, NULL, NULL, NULL, NULL, NULL, '2024-02-19 19:28:17', NULL, NULL, NULL, NULL, NULL),
(7, 16, '703', NULL, 'RELIABLE COMNET PVT LTD -NOIDA', 'ADMIN', NULL, NULL, NULL, '2016', '2016', NULL, NULL, NULL, NULL, NULL, NULL, NULL, NULL, NULL, NULL, NULL, NULL, NULL, NULL, NULL, NULL, NULL, NULL, '2024-02-19 19:28:17', NULL, NULL, NULL, NULL, NULL),
(7, 17, '703', NULL, 'KOCKPIT ANALYTICS PRIVATE LIMITED', 'ADMIN', NULL, NULL, NULL, '2017', '2017', NULL, NULL, NULL, NULL, NULL, NULL, NULL, NULL, NULL, NULL, NULL, NULL, NULL, NULL, NULL, NULL, NULL, NULL, '2024-02-19 19:28:17', NULL, NULL, NULL, NULL, NULL),
(7, 18, '703', NULL, 'TEAM COMPUTERS PVT LTD -New Delhi', 'ADMIN', NULL, NULL, NULL, '2018', '2018', NULL, NULL, NULL, NULL, NULL, NULL, NULL, NULL, NULL, NULL, NULL, NULL, NULL, NULL, NULL, NULL, NULL, NULL, '2024-02-19 19:28:17', NULL, NULL, NULL, NULL, NULL),
(7, 19, '703', NULL, 'MISC SUPPLIER', 'ADMIN', NULL, NULL, NULL, '2019', '2019', NULL, NULL, NULL, NULL, NULL, NULL, NULL, NULL, NULL, NULL, NULL, NULL, NULL, NULL, NULL, NULL, NULL, NULL, '2024-02-19 19:28:17', NULL, NULL, NULL, NULL, NULL),
(7, 20, '703', NULL, 'IMAGES -NEW DELHI', 'ADMIN', NULL, NULL, NULL, '2020', '2020', NULL, NULL, NULL, NULL, NULL, NULL, NULL, NULL, NULL, NULL, NULL, NULL, NULL, NULL, NULL, NULL, NULL, NULL, '2024-02-19 19:28:17', NULL, NULL, NULL, NULL, NULL),
(1, 21, '1', NULL, 'J C NETWORK AND COMPUTERS -NEW DELHI', 'IT', NULL, NULL, NULL, '2021', '2021', NULL, NULL, NULL, NULL, NULL, NULL, NULL, NULL, NULL, NULL, NULL, NULL, NULL, NULL, NULL, NULL, NULL, NULL, '2024-02-19 19:28:17', NULL, NULL, NULL, NULL, NULL),
(1, 22, '1', NULL, 'HIM TECHNOLOGY PRIVATE LIMITED -NOIDA', 'IT', NULL, NULL, NULL, '2022', '2022', NULL, NULL, NULL, NULL, NULL, NULL, NULL, NULL, NULL, NULL, NULL, NULL, NULL, NULL, NULL, NULL, NULL, NULL, '2024-02-19 19:28:17', NULL, NULL, NULL, NULL, NULL),
(1, 23, '1', NULL, 'Interlink Information system Pvt. Ltd -New Delhi', 'IT', NULL, NULL, NULL, '2023', '2023', NULL, NULL, NULL, NULL, NULL, NULL, NULL, NULL, NULL, NULL, NULL, NULL, NULL, NULL, NULL, NULL, NULL, NULL, '2024-02-19 19:28:17', NULL, NULL, NULL, NULL, NULL),
(1, 24, '1', NULL, 'BEHERA ENTERPRISES -DELHI', 'IT', NULL, NULL, NULL, '2024', '2024', NULL, NULL, NULL, NULL, NULL, NULL, NULL, NULL, NULL, NULL, NULL, NULL, NULL, NULL, NULL, NULL, NULL, NULL, '2024-02-19 19:28:17', NULL, NULL, NULL, NULL, NULL),
(1, 25, '1', NULL, 'R.K. INFOTECH -NEW DELHI', 'IT', NULL, NULL, NULL, '2025', '2025', NULL, NULL, NULL, NULL, NULL, NULL, NULL, NULL, NULL, NULL, NULL, NULL, NULL, NULL, NULL, NULL, NULL, NULL, '2024-02-19 19:28:17', NULL, NULL, NULL, NULL, NULL),
(1, 26, '1', NULL, 'INTERLINK INFORMATION SYSTEMS PVT LTD', 'IT', NULL, NULL, NULL, '2026', '2026', NULL, NULL, NULL, NULL, NULL, NULL, NULL, NULL, NULL, NULL, NULL, NULL, NULL, NULL, NULL, NULL, NULL, NULL, '2024-02-19 19:28:17', NULL, NULL, NULL, NULL, NULL),
(1, 27, '1', NULL, 'R.K. INFOTECH', 'IT', NULL, NULL, NULL, '2027', '2027', NULL, NULL, NULL, NULL, NULL, NULL, NULL, NULL, NULL, NULL, NULL, NULL, NULL, NULL, NULL, NULL, NULL, NULL, '2024-02-19 19:28:17', NULL, NULL, NULL, NULL, NULL),
(1, 28, '1', NULL, 'DEVA ENTERPRISES', 'IT', NULL, NULL, NULL, '2028', '2028', NULL, NULL, NULL, NULL, NULL, NULL, NULL, NULL, NULL, NULL, NULL, NULL, NULL, NULL, NULL, NULL, NULL, NULL, '2024-02-19 19:28:17', NULL, NULL, NULL, NULL, NULL),
(1, 29, '1', NULL, 'HIM TECHNOLOGY DISTRIBUTION -NOIDA', 'IT', NULL, NULL, NULL, '2029', '2029', NULL, NULL, NULL, NULL, NULL, NULL, NULL, NULL, NULL, NULL, NULL, NULL, NULL, NULL, NULL, NULL, NULL, NULL, '2024-02-19 19:28:17', NULL, NULL, NULL, NULL, NULL),
(1, 30, '1', NULL, 'ASSET IT', 'IT', NULL, NULL, NULL, '2030', '2030', NULL, NULL, NULL, NULL, NULL, NULL, NULL, NULL, NULL, NULL, NULL, NULL, NULL, NULL, NULL, NULL, NULL, NULL, '2024-02-19 19:28:17', NULL, NULL, NULL, NULL, NULL),
(1, 31, '1', NULL, 'ASSETS MERCHANDISER', 'IT', NULL, NULL, NULL, '2031', '2031', NULL, NULL, NULL, NULL, NULL, NULL, NULL, NULL, NULL, NULL, NULL, NULL, NULL, NULL, NULL, NULL, NULL, NULL, '2024-02-19 19:28:17', NULL, NULL, NULL, NULL, NULL),
(1, 32, '1', NULL, 'KIMBERLEY APPAREL PRIVATE LIMITED', 'IT', NULL, NULL, NULL, '2032', '2032', NULL, NULL, NULL, NULL, NULL, NULL, NULL, NULL, NULL, NULL, NULL, NULL, NULL, NULL, NULL, NULL, NULL, NULL, '2024-02-19 19:28:17', NULL, NULL, NULL, NULL, NULL),
(20, 33, '737', NULL, 'Pioneer Engineer', 'PROJECT', NULL, NULL, NULL, '2033', '2033', NULL, NULL, NULL, NULL, NULL, NULL, NULL, NULL, NULL, NULL, NULL, NULL, NULL, NULL, NULL, NULL, NULL, NULL, '2024-02-19 19:28:17', NULL, NULL, NULL, NULL, NULL),
(20, 34, '737', NULL, 'Local Market on site', 'PROJECT', NULL, NULL, NULL, '2034', '2034', NULL, NULL, NULL, NULL, NULL, NULL, NULL, NULL, NULL, NULL, NULL, NULL, NULL, NULL, NULL, NULL, NULL, NULL, '2024-02-19 19:28:17', NULL, NULL, NULL, NULL, NULL),
(20, 35, '737', NULL, 'National Storage', 'PROJECT', NULL, NULL, NULL, '2035', '2035', NULL, NULL, NULL, NULL, NULL, NULL, NULL, NULL, NULL, NULL, NULL, NULL, NULL, NULL, NULL, NULL, NULL, NULL, '2024-02-19 19:28:17', NULL, NULL, NULL, NULL, NULL),
(20, 36, '737', NULL, 'Interior Concept', 'PROJECT', NULL, NULL, NULL, '2036', '2036', NULL, NULL, NULL, NULL, NULL, NULL, NULL, NULL, NULL, NULL, NULL, NULL, NULL, NULL, NULL, NULL, NULL, NULL, '2024-02-19 19:28:17', NULL, NULL, NULL, NULL, NULL),
(20, 37, '737', NULL, 'Light Book', 'PROJECT', NULL, NULL, NULL, '2037', '2037', NULL, NULL, NULL, NULL, NULL, NULL, NULL, NULL, NULL, NULL, NULL, NULL, NULL, NULL, NULL, NULL, NULL, NULL, '2024-02-19 19:28:17', NULL, NULL, NULL, NULL, NULL),
(20, 38, '737', NULL, 'Lulax', 'PROJECT', NULL, NULL, NULL, '2038', '2038', NULL, NULL, NULL, NULL, NULL, NULL, NULL, NULL, NULL, NULL, NULL, NULL, NULL, NULL, NULL, NULL, NULL, NULL, '2024-02-19 19:28:17', NULL, NULL, NULL, NULL, NULL),
(20, 39, '737', NULL, 'M.A Rolling Shutter', 'PROJECT', NULL, NULL, NULL, '2039', '2039', NULL, NULL, NULL, NULL, NULL, NULL, NULL, NULL, NULL, NULL, NULL, NULL, NULL, NULL, NULL, NULL, NULL, NULL, '2024-02-19 19:28:17', NULL, NULL, NULL, NULL, NULL),
(20, 40, '737', NULL, 'A.K Projects', 'PROJECT', NULL, NULL, NULL, '2040', '2040', NULL, NULL, NULL, NULL, NULL, NULL, NULL, NULL, NULL, NULL, NULL, NULL, NULL, NULL, NULL, NULL, NULL, NULL, '2024-02-19 19:28:17', NULL, NULL, NULL, NULL, NULL),
(27, 41, '704', NULL, 'Anand Graphics', 'VM', NULL, NULL, NULL, '2041', '2041', NULL, NULL, NULL, NULL, NULL, NULL, NULL, NULL, NULL, NULL, NULL, NULL, NULL, NULL, NULL, NULL, NULL, NULL, '2024-02-19 19:28:17', NULL, NULL, NULL, NULL, NULL),
(27, 42, '704', NULL, 'AAdrik Creations', 'VM', NULL, NULL, NULL, '2042', '2042', NULL, NULL, NULL, NULL, NULL, NULL, NULL, NULL, NULL, NULL, NULL, NULL, NULL, NULL, NULL, NULL, NULL, NULL, '2024-02-19 19:28:17', NULL, NULL, NULL, NULL, NULL),
(27, 43, '704', NULL, 'Royal Media', 'VM', NULL, NULL, NULL, '2043', '2043', NULL, NULL, NULL, NULL, NULL, NULL, NULL, NULL, NULL, NULL, NULL, NULL, NULL, NULL, NULL, NULL, NULL, NULL, '2024-02-19 19:28:17', NULL, NULL, NULL, NULL, NULL),
(27, 44, '704', NULL, 'Kumar Advertising', 'VM', NULL, NULL, NULL, '2044', '2044', NULL, NULL, NULL, NULL, NULL, NULL, NULL, NULL, NULL, NULL, NULL, NULL, NULL, NULL, NULL, NULL, NULL, NULL, '2024-02-19 19:28:17', NULL, NULL, NULL, NULL, NULL),
(27, 45, '704', NULL, 'DP Solutions', 'VM', NULL, NULL, NULL, '2045', '2045', NULL, NULL, NULL, NULL, NULL, NULL, NULL, NULL, NULL, NULL, NULL, NULL, NULL, NULL, NULL, NULL, NULL, NULL, '2024-02-19 19:28:17', NULL, NULL, NULL, NULL, NULL),
(27, 46, '704', NULL, 'Royal Advertising', 'VM', NULL, NULL, NULL, '2046', '2046', NULL, NULL, NULL, NULL, NULL, NULL, NULL, NULL, NULL, NULL, NULL, NULL, NULL, NULL, NULL, NULL, NULL, NULL, '2024-02-19 19:28:17', NULL, NULL, NULL, NULL, NULL),
(27, 47, '704', NULL, 'Bharat Corporation', 'VM', NULL, NULL, NULL, '2047', '2047', NULL, NULL, NULL, NULL, NULL, NULL, NULL, NULL, NULL, NULL, NULL, NULL, NULL, NULL, NULL, NULL, NULL, NULL, '2024-02-19 19:28:17', NULL, NULL, NULL, NULL, NULL),
(27, 48, '704', NULL, 'Pixel Image', 'VM', NULL, NULL, NULL, '2048', '2048', NULL, NULL, NULL, NULL, NULL, NULL, NULL, NULL, NULL, NULL, NULL, NULL, NULL, NULL, NULL, NULL, NULL, NULL, '2024-02-19 19:28:17', NULL, NULL, NULL, NULL, NULL),
(27, 49, '704', NULL, 'Sign x Enterprises', 'VM', NULL, NULL, NULL, '2049', '2049', NULL, NULL, NULL, NULL, NULL, NULL, NULL, NULL, NULL, NULL, NULL, NULL, NULL, NULL, NULL, NULL, NULL, NULL, '2024-02-19 19:28:17', NULL, NULL, NULL, NULL, NULL),
(27, 50, '704', NULL, 'RM PRINT ZONE', 'VM', NULL, NULL, NULL, '2050', '2050', NULL, NULL, NULL, NULL, NULL, NULL, NULL, NULL, NULL, NULL, NULL, NULL, NULL, NULL, NULL, NULL, NULL, NULL, '2024-02-19 19:28:17', NULL, NULL, NULL, NULL, NULL),
(27, 51, '704', NULL, 'Taksh Digital', 'VM', NULL, NULL, NULL, '2051', '2051', NULL, NULL, NULL, NULL, NULL, NULL, NULL, NULL, NULL, NULL, NULL, NULL, NULL, NULL, NULL, NULL, NULL, NULL, '2024-02-19 19:28:17', NULL, NULL, NULL, NULL, NULL),
(27, 52, '704', NULL, 'SK Design Solutions', 'VM', NULL, NULL, NULL, '2052', '2052', NULL, NULL, NULL, NULL, NULL, NULL, NULL, NULL, NULL, NULL, NULL, NULL, NULL, NULL, NULL, NULL, NULL, NULL, '2024-02-19 19:28:17', NULL, NULL, NULL, NULL, NULL),
(27, 53, '704', NULL, 'Pink Graphic', 'VM', NULL, NULL, NULL, '2053', '2053', NULL, NULL, NULL, NULL, NULL, NULL, NULL, NULL, NULL, NULL, NULL, NULL, NULL, NULL, NULL, NULL, NULL, NULL, '2024-02-19 19:28:17', NULL, NULL, NULL, NULL, NULL),
(28, 54, '815', NULL, 'NARANG BROS', 'ZAKS', NULL, NULL, NULL, '2054', '2054', NULL, NULL, NULL, NULL, NULL, NULL, NULL, NULL, NULL, NULL, NULL, NULL, NULL, NULL, NULL, NULL, NULL, NULL, '2024-02-19 19:28:17', NULL, NULL, NULL, NULL, NULL),
(28, 55, '815', NULL, 'SANJEEVANI INC.', 'ZAKS', NULL, NULL, NULL, '2055', '2055', NULL, NULL, NULL, NULL, NULL, NULL, NULL, NULL, NULL, NULL, NULL, NULL, NULL, NULL, NULL, NULL, NULL, NULL, '2024-02-19 19:28:17', NULL, NULL, NULL, NULL, NULL),
(28, 56, '815', NULL, 'SHIVAM LABEL', 'ZAKS', NULL, NULL, NULL, '2056', '2056', NULL, NULL, NULL, NULL, NULL, NULL, NULL, NULL, NULL, NULL, NULL, NULL, NULL, NULL, NULL, NULL, NULL, NULL, '2024-02-19 19:28:17', NULL, NULL, NULL, NULL, NULL),
(28, 57, '815', NULL, 'ARIVANT LABELS', 'ZAKS', NULL, NULL, NULL, '2057', '2057', NULL, NULL, NULL, NULL, NULL, NULL, NULL, NULL, NULL, NULL, NULL, NULL, NULL, NULL, NULL, NULL, NULL, NULL, '2024-02-19 19:28:17', NULL, NULL, NULL, NULL, NULL),
(28, 58, '815', NULL, 'INDER THREADS', 'ZAKS', NULL, NULL, NULL, '2058', '2058', NULL, NULL, NULL, NULL, NULL, NULL, NULL, NULL, NULL, NULL, NULL, NULL, NULL, NULL, NULL, NULL, NULL, NULL, '2024-02-19 19:28:17', NULL, NULL, NULL, NULL, NULL),
(28, 59, '815', NULL, 'SETHI THREADS', 'ZAKS', NULL, NULL, NULL, '2059', '2059', NULL, NULL, NULL, NULL, NULL, NULL, NULL, NULL, NULL, NULL, NULL, NULL, NULL, NULL, NULL, NULL, NULL, NULL, '2024-02-19 19:28:17', NULL, NULL, NULL, NULL, NULL),
(28, 60, '815', NULL, 'S. D ZIP FASTNERS', 'ZAKS', NULL, NULL, NULL, '2060', '2060', NULL, NULL, NULL, NULL, NULL, NULL, NULL, NULL, NULL, NULL, NULL, NULL, NULL, NULL, NULL, NULL, NULL, NULL, '2024-02-19 19:28:17', NULL, NULL, NULL, NULL, NULL),
(28, 61, '815', NULL, 'ANJALI TRADERS', 'ZAKS', NULL, NULL, NULL, '2061', '2061', NULL, NULL, NULL, NULL, NULL, NULL, NULL, NULL, NULL, NULL, NULL, NULL, NULL, NULL, NULL, NULL, NULL, NULL, '2024-02-19 19:28:17', NULL, NULL, NULL, NULL, NULL),
(28, 62, '815', NULL, 'PERFECT THREAD', 'ZAKS', NULL, NULL, NULL, '2062', '2062', NULL, NULL, NULL, NULL, NULL, NULL, NULL, NULL, NULL, NULL, NULL, NULL, NULL, NULL, NULL, NULL, NULL, NULL, '2024-02-19 19:28:17', NULL, NULL, NULL, NULL, NULL),
(28, 63, '815', NULL, 'TULSI RAM JUGAL KISHOR', 'ZAKS', NULL, NULL, NULL, '2063', '2063', NULL, NULL, NULL, NULL, NULL, NULL, NULL, NULL, NULL, NULL, NULL, NULL, NULL, NULL, NULL, NULL, NULL, NULL, '2024-02-19 19:28:17', NULL, NULL, NULL, NULL, NULL),
(28, 64, '815', NULL, 'PRIYANKA HANDLOOMS', 'ZAKS', NULL, NULL, NULL, '2064', '2064', NULL, NULL, NULL, NULL, NULL, NULL, NULL, NULL, NULL, NULL, NULL, NULL, NULL, NULL, NULL, NULL, NULL, NULL, '2024-02-19 19:28:17', NULL, NULL, NULL, NULL, NULL),
(28, 65, '815', NULL, 'KETAN BUTTONS PVT. LTD', 'ZAKS', NULL, NULL, NULL, '2065', '2065', NULL, NULL, NULL, NULL, NULL, NULL, NULL, NULL, NULL, NULL, NULL, NULL, NULL, NULL, NULL, NULL, NULL, NULL, '2024-02-19 19:28:17', NULL, NULL, NULL, NULL, NULL),
(28, 66, '815', NULL, 'AMBEY BUTTONS STORE', 'ZAKS', NULL, NULL, NULL, '2066', '2066', NULL, NULL, NULL, NULL, NULL, NULL, NULL, NULL, NULL, NULL, NULL, NULL, NULL, NULL, NULL, NULL, NULL, NULL, '2024-02-19 19:28:17', NULL, NULL, NULL, NULL, NULL),
(28, 67, '815', NULL, 'KALKA CRAFT', 'ZAKS', NULL, NULL, NULL, '2067', '2067', NULL, NULL, NULL, NULL, NULL, NULL, NULL, NULL, NULL, NULL, NULL, NULL, NULL, NULL, NULL, NULL, NULL, NULL, '2024-02-19 19:28:17', NULL, NULL, NULL, NULL, NULL),
(28, 68, '815', NULL, 'AMRAPALI DESIGN STUDIO', 'ZAKS', NULL, NULL, NULL, '2068', '2068', NULL, NULL, NULL, NULL, NULL, NULL, NULL, NULL, NULL, NULL, NULL, NULL, NULL, NULL, NULL, NULL, NULL, NULL, '2024-02-19 19:28:18', NULL, NULL, NULL, NULL, NULL),
(28, 69, '815', NULL, 'S. P. M. SALES PVT. LTD', 'ZAKS', NULL, NULL, NULL, '2069', '2069', NULL, NULL, NULL, NULL, NULL, NULL, NULL, NULL, NULL, NULL, NULL, NULL, NULL, NULL, NULL, NULL, NULL, NULL, '2024-02-19 19:28:18', NULL, NULL, NULL, NULL, NULL),
(28, 70, '815', NULL, 'WADHWA THREADS', 'ZAKS', NULL, NULL, NULL, '2070', '2070', NULL, NULL, NULL, NULL, NULL, NULL, NULL, NULL, NULL, NULL, NULL, NULL, NULL, NULL, NULL, NULL, NULL, NULL, '2024-02-19 19:28:18', NULL, NULL, NULL, NULL, NULL),
(28, 71, '815', NULL, 'MADAN STORE', 'ZAKS', NULL, NULL, NULL, '2071', '2071', NULL, NULL, NULL, NULL, NULL, NULL, NULL, NULL, NULL, NULL, NULL, NULL, NULL, NULL, NULL, NULL, NULL, NULL, '2024-02-19 19:28:18', NULL, NULL, NULL, NULL, NULL),
(28, 72, '815', NULL, 'LOCAL', 'ZAKS', NULL, NULL, NULL, '2072', '2072', NULL, NULL, NULL, NULL, NULL, NULL, NULL, NULL, NULL, NULL, NULL, NULL, NULL, NULL, NULL, NULL, NULL, NULL, '2024-02-19 19:28:18', NULL, NULL, NULL, NULL, NULL),
(28, 73, '815', NULL, 'BHARDWAJ MARKETTING CO.', 'ZAKS', NULL, NULL, NULL, '2073', '2073', NULL, NULL, NULL, NULL, NULL, NULL, NULL, NULL, NULL, NULL, NULL, NULL, NULL, NULL, NULL, NULL, NULL, NULL, '2024-02-19 19:28:18', NULL, NULL, NULL, NULL, NULL),
(28, 74, '815', NULL, 'S L PRINT PACK', 'ZAKS', NULL, NULL, NULL, '2074', '2074', NULL, NULL, NULL, NULL, NULL, NULL, NULL, NULL, NULL, NULL, NULL, NULL, NULL, NULL, NULL, NULL, NULL, NULL, '2024-02-19 19:28:18', NULL, NULL, NULL, NULL, NULL),
(28, 75, '815', NULL, 'RANA TRADERS', 'ZAKS', NULL, NULL, NULL, '2075', '2075', NULL, NULL, NULL, NULL, NULL, NULL, NULL, NULL, NULL, NULL, NULL, NULL, NULL, NULL, NULL, NULL, NULL, NULL, '2024-02-19 19:28:18', NULL, NULL, NULL, NULL, NULL),
(28, 76, '815', NULL, 'MAHAJAN ENTERPRISES', 'ZAKS', NULL, NULL, NULL, '2076', '2076', NULL, NULL, NULL, NULL, NULL, NULL, NULL, NULL, NULL, NULL, NULL, NULL, NULL, NULL, NULL, NULL, NULL, NULL, '2024-02-19 19:28:18', NULL, NULL, NULL, NULL, NULL),
(28, 77, '815', NULL, 'D K PACKERS', 'ZAKS', NULL, NULL, NULL, '2077', '2077', NULL, NULL, NULL, NULL, NULL, NULL, NULL, NULL, NULL, NULL, NULL, NULL, NULL, NULL, NULL, NULL, NULL, NULL, '2024-02-19 19:28:18', NULL, NULL, NULL, NULL, NULL),
(28, 78, '815', NULL, 'RAJ TRADING', 'ZAKS', NULL, NULL, NULL, '2078', '2078', NULL, NULL, NULL, NULL, NULL, NULL, NULL, NULL, NULL, NULL, NULL, NULL, NULL, NULL, NULL, NULL, NULL, NULL, '2024-02-19 19:28:18', NULL, NULL, NULL, NULL, NULL),
(28, 79, '815', NULL, 'BIO SIL LABORATORIES CO.', 'ZAKS', NULL, NULL, NULL, '2079', '2079', NULL, NULL, NULL, NULL, NULL, NULL, NULL, NULL, NULL, NULL, NULL, NULL, NULL, NULL, NULL, NULL, NULL, NULL, '2024-02-19 19:28:18', NULL, NULL, NULL, NULL, NULL),
(28, 80, '815', NULL, 'COLOR FABS PVT. LTD', 'ZAKS', NULL, NULL, NULL, '2080', '2080', NULL, NULL, NULL, NULL, NULL, NULL, NULL, NULL, NULL, NULL, NULL, NULL, NULL, NULL, NULL, NULL, NULL, NULL, '2024-02-19 19:28:18', NULL, NULL, NULL, NULL, NULL),
(28, 81, '815', NULL, 'SHREE GANESH INDUSTRIES', 'ZAKS', NULL, NULL, NULL, '2081', '2081', NULL, NULL, NULL, NULL, NULL, NULL, NULL, NULL, NULL, NULL, NULL, NULL, NULL, NULL, NULL, NULL, NULL, NULL, '2024-02-19 19:28:18', NULL, NULL, NULL, NULL, NULL),
(28, 82, '815', NULL, 'R.R FAB PRINT', 'ZAKS', NULL, NULL, NULL, '2082', '2082', NULL, NULL, NULL, NULL, NULL, NULL, NULL, NULL, NULL, NULL, NULL, NULL, NULL, NULL, NULL, NULL, NULL, NULL, '2024-02-19 19:28:18', NULL, NULL, NULL, NULL, NULL),
(28, 83, '815', NULL, 'K.G.N GARMENTS', 'ZAKS', NULL, NULL, NULL, '2083', '2083', NULL, NULL, NULL, NULL, NULL, NULL, NULL, NULL, NULL, NULL, NULL, NULL, NULL, NULL, NULL, NULL, NULL, NULL, '2024-02-19 19:28:18', NULL, NULL, NULL, NULL, NULL);

-- --------------------------------------------------------

--
-- Table structure for table `product_mst`
--

CREATE TABLE `product_mst` (
  `iem_id` int(11) NOT NULL,
  `user_id` int(11) DEFAULT NULL,
  `group_id` int(11) NOT NULL,
  `sr` varchar(50) DEFAULT NULL,
  `item_code` varchar(100) DEFAULT NULL,
  `item_code_pre` varchar(255) DEFAULT NULL,
  `item_name` varchar(255) DEFAULT NULL,
  `packaging` varchar(255) DEFAULT NULL,
  `item_desc` varchar(255) DEFAULT NULL,
  `uom` varchar(300) DEFAULT NULL,
  `size` varchar(200) DEFAULT NULL,
  `shade_name` varchar(50) DEFAULT NULL,
  `shade_code` varchar(20) DEFAULT NULL,
  `supplier_name` varchar(300) DEFAULT NULL,
  `supplier_short` varchar(200) DEFAULT NULL,
  `department` varchar(255) DEFAULT NULL,
  `category` varchar(100) DEFAULT NULL,
  `sub_category` varchar(100) DEFAULT NULL,
  `material` varchar(200) DEFAULT NULL,
  `brand` varchar(100) DEFAULT NULL,
  `gst_category` varchar(55) DEFAULT NULL,
  `active_inactive` varchar(50) DEFAULT NULL,
  `basic_rate` float(10,2) DEFAULT NULL,
  `per_rate` float(10,2) DEFAULT NULL,
  `sale_rate` float(10,2) DEFAULT NULL,
  `mrp` float(10,2) DEFAULT NULL,
  `hsn_code` varchar(20) DEFAULT NULL,
  `status` tinyint(1) DEFAULT 0 COMMENT '0=pending,1=cancelled,2=checked,3=unchecked,4=approved,5=unapproved,6=generated,7=completed,8=rejected',
  `unit_type` varchar(100) DEFAULT NULL,
  `rate_region` varchar(100) DEFAULT NULL,
  `uploaded_on` varchar(100) DEFAULT NULL,
  `checked_on` varchar(100) DEFAULT NULL,
  `approved_on` varchar(100) DEFAULT NULL,
  `updated_on` varchar(100) DEFAULT NULL,
  `updatedBy` varchar(50) DEFAULT NULL,
  `batch_number` varchar(100) DEFAULT NULL,
  `manu_date` date DEFAULT NULL,
  `manu_name` varchar(100) DEFAULT NULL,
  `i_status` enum('0','1') DEFAULT '0'
) ENGINE=InnoDB DEFAULT CHARSET=utf8mb4 COLLATE=utf8mb4_unicode_ci;

--
-- Dumping data for table `product_mst`
--

INSERT INTO `product_mst` (`iem_id`, `user_id`, `group_id`, `sr`, `item_code`, `item_code_pre`, `item_name`, `packaging`, `item_desc`, `uom`, `size`, `shade_name`, `shade_code`, `supplier_name`, `supplier_short`, `department`, `category`, `sub_category`, `material`, `brand`, `gst_category`, `active_inactive`, `basic_rate`, `per_rate`, `sale_rate`, `mrp`, `hsn_code`, `status`, `unit_type`, `rate_region`, `uploaded_on`, `checked_on`, `approved_on`, `updated_on`, `updatedBy`, `batch_number`, `manu_date`, `manu_name`, `i_status`) VALUES
(1, NULL, 0, '1', 'PM1', NULL, 'Beyond Blue Back label', 'PACKAGING', ' ', 'NOS', NULL, NULL, NULL, NULL, NULL, NULL, NULL, NULL, NULL, '(NIL)', NULL, NULL, 1.00, NULL, NULL, NULL, NULL, 0, 'NOS', NULL, NULL, NULL, NULL, NULL, NULL, NULL, NULL, NULL, '0'),
(2, NULL, 0, '2', 'PM10', NULL, 'LAMINATE - DETERGENT POWDER 1 KG', 'PACKAGING', ' ', 'KGS', NULL, NULL, NULL, NULL, NULL, NULL, NULL, NULL, NULL, '(NIL)', NULL, NULL, 1.00, NULL, NULL, NULL, NULL, 0, 'KGS', NULL, NULL, NULL, NULL, NULL, NULL, NULL, NULL, NULL, '0'),
(3, NULL, 0, '3', 'PM11', NULL, 'SHIPPER- DETERGENT POWDER 1 KG', 'PACKAGING', ' ', 'PCS', NULL, NULL, NULL, NULL, NULL, NULL, NULL, NULL, NULL, '(NIL)', NULL, NULL, 1.00, NULL, NULL, NULL, NULL, 0, 'PCS', NULL, NULL, NULL, NULL, NULL, NULL, NULL, NULL, NULL, '0'),
(4, NULL, 0, '4', 'PM12', NULL, 'CODING/INKJET', 'PACKAGING', 'CODING/INKJET', 'NOS', NULL, NULL, NULL, NULL, NULL, NULL, NULL, NULL, NULL, '(NIL)', NULL, NULL, 1.00, NULL, NULL, NULL, NULL, 0, 'NOS', NULL, NULL, NULL, NULL, NULL, NULL, NULL, NULL, NULL, '0'),
(5, NULL, 0, '5', 'PM2', NULL, 'Beyond Blue Bottle', 'PACKAGING', ' ', 'NOS', NULL, NULL, NULL, NULL, NULL, NULL, NULL, NULL, NULL, '(NIL)', NULL, NULL, 1.00, NULL, NULL, NULL, NULL, 0, 'NOS', NULL, NULL, NULL, NULL, NULL, NULL, NULL, NULL, NULL, '0'),
(6, NULL, 0, '6', 'PM3', NULL, 'Beyond Blue cap', 'PACKAGING', ' ', 'NOS', NULL, NULL, NULL, NULL, NULL, NULL, NULL, NULL, NULL, '(NIL)', NULL, NULL, 1.00, NULL, NULL, NULL, NULL, 0, 'NOS', NULL, NULL, NULL, NULL, NULL, NULL, NULL, NULL, NULL, '0'),
(7, NULL, 0, '7', 'PM4', NULL, 'Beyond Blue child lock Sticker', 'PACKAGING', ' ', 'NOS', NULL, NULL, NULL, NULL, NULL, NULL, NULL, NULL, NULL, '(NIL)', NULL, NULL, 1.00, NULL, NULL, NULL, NULL, 0, 'NOS', NULL, NULL, NULL, NULL, NULL, NULL, NULL, NULL, NULL, '0'),
(8, NULL, 0, '8', 'PM5', NULL, 'Beyond Blue Front label', 'PACKAGING', ' ', 'NOS', NULL, NULL, NULL, NULL, NULL, NULL, NULL, NULL, NULL, '(NIL)', NULL, NULL, 1.00, NULL, NULL, NULL, NULL, 0, 'NOS', NULL, NULL, NULL, NULL, NULL, NULL, NULL, NULL, NULL, '0'),
(9, NULL, 0, '9', 'PM6', NULL, 'Beyond Blue plug', 'PACKAGING', ' ', 'NOS', NULL, NULL, NULL, NULL, NULL, NULL, NULL, NULL, NULL, '(NIL)', NULL, NULL, 1.00, NULL, NULL, NULL, NULL, 0, 'NOS', NULL, NULL, NULL, NULL, NULL, NULL, NULL, NULL, NULL, '0'),
(10, NULL, 0, '10', 'PM7', NULL, 'Beyond Blue shipper', 'PACKAGING', ' ', 'NOS', NULL, NULL, NULL, NULL, NULL, NULL, NULL, NULL, NULL, '(NIL)', NULL, NULL, 1.00, NULL, NULL, NULL, NULL, 0, 'NOS', NULL, NULL, NULL, NULL, NULL, NULL, NULL, NULL, NULL, '0'),
(11, NULL, 0, '11', 'PM8', NULL, 'Beyond Blue Shrink Sleeves', 'PACKAGING', ' ', 'NOS', NULL, NULL, NULL, NULL, NULL, NULL, NULL, NULL, NULL, '(NIL)', NULL, NULL, 1.00, NULL, NULL, NULL, NULL, 0, 'NOS', NULL, NULL, NULL, NULL, NULL, NULL, NULL, NULL, NULL, '0'),
(12, NULL, 0, '12', 'PM9', NULL, 'BOPP TAPE ', 'PACKAGING', ' ', 'PCS', NULL, NULL, NULL, NULL, NULL, NULL, NULL, NULL, NULL, '(NIL)', NULL, NULL, 1.00, NULL, NULL, NULL, NULL, 0, 'PCS', NULL, NULL, NULL, NULL, NULL, NULL, NULL, NULL, NULL, '0'),
(13, NULL, 0, '13', 'RM1', NULL, 'ATSONYL A 1005 ( IGEPAL CO 730 )', 'RAW', 'Beyond Blue', 'KG', NULL, NULL, NULL, NULL, NULL, NULL, NULL, NULL, NULL, '(NIL)', NULL, NULL, 1.00, NULL, NULL, NULL, NULL, 0, 'KG', NULL, NULL, NULL, NULL, NULL, NULL, NULL, NULL, NULL, '0'),
(14, NULL, 0, '14', 'RM10', NULL, 'PERFUME  - Jasmonela', 'RAW', 'Washmate Popular Detergent Powder', 'KG', NULL, NULL, NULL, NULL, NULL, NULL, NULL, NULL, NULL, '(NIL)', NULL, NULL, 1.00, NULL, NULL, NULL, NULL, 0, 'KG', NULL, NULL, NULL, NULL, NULL, NULL, NULL, NULL, NULL, '0'),
(15, NULL, 0, '15', 'RM11', NULL, 'POLYMER SOKALAN CP-5', 'RAW', 'Washmate Popular Detergent Powder', 'KG', NULL, NULL, NULL, NULL, NULL, NULL, NULL, NULL, NULL, '(NIL)', NULL, NULL, 1.00, NULL, NULL, NULL, NULL, 0, 'KG', NULL, NULL, NULL, NULL, NULL, NULL, NULL, NULL, NULL, '0'),
(16, NULL, 0, '16', 'RM12', NULL, 'SODA ASH', 'RAW', 'Washmate Popular Detergent Powder', 'KG', NULL, NULL, NULL, NULL, NULL, NULL, NULL, NULL, NULL, '(NIL)', NULL, NULL, 1.00, NULL, NULL, NULL, NULL, 0, 'KG', NULL, NULL, NULL, NULL, NULL, NULL, NULL, NULL, NULL, '0'),
(17, NULL, 0, '17', 'RM13', NULL, 'TINOPAL- CBSX', 'RAW', 'Washmate Popular Detergent Powder', 'KG', NULL, NULL, NULL, NULL, NULL, NULL, NULL, NULL, NULL, '(NIL)', NULL, NULL, 1.00, NULL, NULL, NULL, NULL, 0, 'KG', NULL, NULL, NULL, NULL, NULL, NULL, NULL, NULL, NULL, '0'),
(18, NULL, 0, '18', 'RM14', NULL, 'UPANAL - PTA 74', 'RAW', 'Beyond Blue', 'KG', NULL, NULL, NULL, NULL, NULL, NULL, NULL, NULL, NULL, '(NIL)', NULL, NULL, 1.00, NULL, NULL, NULL, NULL, 0, 'KG', NULL, NULL, NULL, NULL, NULL, NULL, NULL, NULL, NULL, '0'),
(19, NULL, 0, '19', 'RM15', NULL, 'WATER', 'RAW', 'water', 'KG', NULL, NULL, NULL, NULL, NULL, NULL, NULL, NULL, NULL, '(NIL)', NULL, NULL, 1.00, NULL, NULL, NULL, NULL, 0, 'KG', NULL, NULL, NULL, NULL, NULL, NULL, NULL, NULL, NULL, '0'),
(20, NULL, 0, '20', 'RM2', NULL, 'BRILLENT BLUE FCF CI - 42090', 'RAW', 'Beyond Blue', 'KG', NULL, NULL, NULL, NULL, NULL, NULL, NULL, NULL, NULL, '(NIL)', NULL, NULL, 1.00, NULL, NULL, NULL, NULL, 0, 'KG', NULL, NULL, NULL, NULL, NULL, NULL, NULL, NULL, NULL, '0'),
(21, NULL, 0, '21', 'RM3', NULL, 'COLOURED SPECKS -BLUE 1.5 & ORANGE 1.0', 'RAW', 'Washmate Popular Detergent Powder', 'KG', NULL, NULL, NULL, NULL, NULL, NULL, NULL, NULL, NULL, '(NIL)', NULL, NULL, 1.00, NULL, NULL, NULL, NULL, 0, 'KG', NULL, NULL, NULL, NULL, NULL, NULL, NULL, NULL, NULL, '0'),
(22, NULL, 0, '22', 'RM4', NULL, 'F-QUAT P 30', 'RAW', 'Beyond Blue', 'KG', NULL, NULL, NULL, NULL, NULL, NULL, NULL, NULL, NULL, '(NIL)', NULL, NULL, 1.00, NULL, NULL, NULL, NULL, 0, 'KG', NULL, NULL, NULL, NULL, NULL, NULL, NULL, NULL, NULL, '0'),
(23, NULL, 0, '23', 'RM5', NULL, 'FREE FLOW SALT POWDER', 'RAW', 'Washmate Popular Detergent Powder', 'KG', NULL, NULL, NULL, NULL, NULL, NULL, NULL, NULL, NULL, '(NIL)', NULL, NULL, 1.00, NULL, NULL, NULL, NULL, 0, 'KG', NULL, NULL, NULL, NULL, NULL, NULL, NULL, NULL, NULL, '0'),
(24, NULL, 0, '24', 'RM6', NULL, 'HCL 30%', 'RAW', 'Beyond Blue', 'KG', NULL, NULL, NULL, NULL, NULL, NULL, NULL, NULL, NULL, '(NIL)', NULL, NULL, 1.00, NULL, NULL, NULL, NULL, 0, 'KG', NULL, NULL, NULL, NULL, NULL, NULL, NULL, NULL, NULL, '0'),
(25, NULL, 0, '25', 'RM7', NULL, 'LABSA  (ACID SLURRY) 90%', 'RAW', 'Washmate Popular Detergent Powder', 'KG', NULL, NULL, NULL, NULL, NULL, NULL, NULL, NULL, NULL, '(NIL)', NULL, NULL, 1.00, NULL, NULL, NULL, NULL, 0, 'KG', NULL, NULL, NULL, NULL, NULL, NULL, NULL, NULL, NULL, '0'),
(26, NULL, 0, '26', 'RM8', NULL, 'METHYL SALICYLATE', 'RAW', 'Beyond Blue', 'KG', NULL, NULL, NULL, NULL, NULL, NULL, NULL, NULL, NULL, '(NIL)', NULL, NULL, 1.00, NULL, NULL, NULL, NULL, 0, 'KG', NULL, NULL, NULL, NULL, NULL, NULL, NULL, NULL, NULL, '0'),
(27, NULL, 0, '27', 'RM9', NULL, 'PERCIPITATED SILICA MFIL 100 SPL', 'RAW', 'Washmate Popular Detergent Powder', 'KG', NULL, NULL, NULL, NULL, NULL, NULL, NULL, NULL, NULL, '(NIL)', NULL, NULL, 1.00, NULL, NULL, NULL, NULL, 0, 'KG', NULL, NULL, NULL, NULL, NULL, NULL, NULL, NULL, NULL, '0');

-- --------------------------------------------------------

--
-- Table structure for table `stock_outs`
--

CREATE TABLE `stock_outs` (
  `id` bigint(20) UNSIGNED NOT NULL,
  `stock_receipt_list_id` bigint(20) UNSIGNED DEFAULT NULL,
  `item_name` varchar(255) DEFAULT NULL,
  `item_code` varchar(100) DEFAULT NULL,
  `batch_number` varchar(255) DEFAULT NULL,
  `quantity` varchar(10) DEFAULT NULL,
  `quantity_2` varchar(10) DEFAULT NULL,
  `manufacturing_date` datetime DEFAULT NULL,
  `created_at` timestamp NULL DEFAULT NULL,
  `updated_at` timestamp NULL DEFAULT NULL
) ENGINE=InnoDB DEFAULT CHARSET=utf8mb4 COLLATE=utf8mb4_unicode_ci;

-- --------------------------------------------------------

--
-- Table structure for table `stock_receipts`
--

CREATE TABLE `stock_receipts` (
  `id` bigint(20) UNSIGNED NOT NULL,
  `user_id` bigint(20) UNSIGNED DEFAULT NULL,
  `item_masters_id` bigint(20) UNSIGNED DEFAULT NULL,
  `groupid` int(11) DEFAULT NULL,
  `po_prefix` varchar(100) DEFAULT NULL,
  `po_number` int(11) DEFAULT NULL,
  `branch_code` varchar(50) DEFAULT NULL,
  `doc_prefix` varchar(100) DEFAULT NULL,
  `issued_to` varchar(255) DEFAULT NULL,
  `godown_name` varchar(255) DEFAULT NULL,
  `received_from` varchar(255) DEFAULT NULL,
  `list_items` longtext DEFAULT NULL,
  `product_name` varchar(255) DEFAULT NULL,
  `category` varchar(255) DEFAULT NULL,
  `vendor_company` varchar(255) DEFAULT NULL,
  `Item_Code` varchar(255) DEFAULT NULL,
  `user_code` varchar(255) DEFAULT NULL,
  `Qty` varchar(225) DEFAULT NULL,
  `user_qty` varchar(255) DEFAULT NULL,
  `Price` double(10,2) DEFAULT NULL,
  `User_Price` double(10,2) DEFAULT NULL,
  `Discount` varchar(100) DEFAULT NULL,
  `Tax` varchar(100) DEFAULT NULL,
  `SubTotal` double(10,2) DEFAULT NULL,
  `Ftotal` double(10,2) DEFAULT NULL,
  `UOM` varchar(100) DEFAULT NULL,
  `U_Desc` varchar(100) DEFAULT NULL,
  `notes` varchar(300) DEFAULT NULL,
  `created_on` datetime DEFAULT NULL,
  `created_by` int(11) DEFAULT NULL,
  `po_type` int(11) DEFAULT NULL COMMENT '0=fixed,1=float',
  `status` int(11) NOT NULL DEFAULT 0 COMMENT '0=pending, 1=approved, 2=rejected, 3=released, 4=cancelled, 5=checked',
  `cancelledBy` varchar(255) DEFAULT NULL,
  `cancelledOn` datetime DEFAULT NULL,
  `Location` varchar(100) DEFAULT NULL,
  `Address_as` varchar(100) DEFAULT NULL,
  `Delivery_Address` varchar(100) DEFAULT NULL,
  `comment` varchar(500) DEFAULT NULL,
  `refernece_document_no` varchar(255) DEFAULT NULL,
  `reference_date` date DEFAULT NULL,
  `user_prefix` varchar(255) DEFAULT NULL,
  `batch_number` varchar(100) DEFAULT NULL,
  `manu_date` date DEFAULT NULL,
  `manu_name` varchar(100) DEFAULT NULL,
  `response_status` varchar(255) DEFAULT NULL,
  `Message` longtext DEFAULT NULL,
  `LastSavedDocNo` varchar(10) DEFAULT NULL,
  `LastSavedCode` varchar(10) DEFAULT NULL,
  `created_at` timestamp NULL DEFAULT NULL,
  `updated_at` timestamp NULL DEFAULT NULL
) ENGINE=InnoDB DEFAULT CHARSET=utf8mb4 COLLATE=utf8mb4_unicode_ci;

--
-- Dumping data for table `stock_receipts`
--

INSERT INTO `stock_receipts` (`id`, `user_id`, `item_masters_id`, `groupid`, `po_prefix`, `po_number`, `branch_code`, `doc_prefix`, `issued_to`, `godown_name`, `received_from`, `list_items`, `product_name`, `category`, `vendor_company`, `Item_Code`, `user_code`, `Qty`, `user_qty`, `Price`, `User_Price`, `Discount`, `Tax`, `SubTotal`, `Ftotal`, `UOM`, `U_Desc`, `notes`, `created_on`, `created_by`, `po_type`, `status`, `cancelledBy`, `cancelledOn`, `Location`, `Address_as`, `Delivery_Address`, `comment`, `refernece_document_no`, `reference_date`, `user_prefix`, `batch_number`, `manu_date`, `manu_name`, `response_status`, `Message`, `LastSavedDocNo`, `LastSavedCode`, `created_at`, `updated_at`) VALUES
(1, 1, NULL, NULL, NULL, NULL, '2', 'IS', 'DAMAGE', '', 'SR-1#798A', NULL, NULL, NULL, 'SHIVAM LABEL -NEW DELHI', '[\"8900010\",\"8900001\",\"8900002\",\"8900001\"]', NULL, NULL, NULL, NULL, NULL, NULL, NULL, NULL, NULL, NULL, NULL, NULL, NULL, NULL, NULL, 0, NULL, NULL, NULL, NULL, NULL, NULL, NULL, NULL, NULL, NULL, NULL, NULL, NULL, NULL, NULL, NULL, '2024-03-15 00:27:35', '2024-03-15 00:27:35'),
(2, 1, NULL, NULL, NULL, NULL, '2', 'IS', 'DAMAGE', '', 'SR-2#898B', NULL, NULL, NULL, 'SHIVAM LABEL -NEW DELHI', '[\"8900010\",\"8900001\",\"8900002\",\"8900001\"]', NULL, NULL, NULL, NULL, NULL, NULL, NULL, NULL, NULL, NULL, NULL, NULL, NULL, NULL, NULL, 0, NULL, NULL, NULL, NULL, NULL, NULL, NULL, NULL, NULL, NULL, NULL, NULL, '0', NULL, NULL, NULL, '2024-03-15 00:36:53', '2024-03-15 00:36:55'),
(3, 1, NULL, NULL, NULL, NULL, '2', 'IS', 'DAMAGE', '', 'SR-3#7K8A', NULL, NULL, NULL, NULL, '[\"8900001\",\"8900001\",\"8900001\",\"8900001\"]', NULL, NULL, NULL, NULL, NULL, NULL, NULL, NULL, NULL, NULL, NULL, NULL, NULL, NULL, NULL, 0, NULL, NULL, NULL, NULL, NULL, NULL, NULL, NULL, NULL, NULL, NULL, NULL, '1', NULL, NULL, NULL, '2024-03-15 00:37:30', '2024-03-15 00:37:32'),
(4, 1, NULL, NULL, NULL, NULL, '2', 'SR', '', 'MAIN', 'SR-4#7ASS', NULL, NULL, NULL, NULL, '[\"8900002\"]', NULL, NULL, NULL, NULL, NULL, NULL, NULL, NULL, NULL, NULL, NULL, NULL, NULL, NULL, NULL, 0, NULL, NULL, NULL, NULL, NULL, NULL, NULL, NULL, NULL, NULL, NULL, NULL, '1', NULL, NULL, NULL, '2024-03-18 05:37:15', '2024-03-18 05:37:17'),
(5, 1, NULL, NULL, NULL, NULL, '2', 'SR', '', 'MAIN', 'SR-5#7TOS', NULL, NULL, NULL, NULL, '[\"8900003\"]', NULL, NULL, NULL, NULL, NULL, NULL, NULL, NULL, NULL, NULL, NULL, NULL, NULL, NULL, NULL, 0, NULL, NULL, NULL, NULL, NULL, NULL, NULL, NULL, NULL, NULL, NULL, NULL, '1', NULL, NULL, NULL, '2024-03-18 05:37:46', '2024-03-18 05:37:48'),
(6, 1, NULL, NULL, NULL, NULL, '2', 'SR', '', 'MAIN', 'SR-6#7FUS', NULL, NULL, NULL, NULL, '[\"PM2\",\"PM2\"]', NULL, NULL, NULL, NULL, NULL, NULL, NULL, NULL, NULL, NULL, NULL, NULL, NULL, NULL, NULL, 0, NULL, NULL, NULL, NULL, NULL, NULL, NULL, NULL, NULL, NULL, NULL, NULL, NULL, NULL, NULL, NULL, '2024-03-18 06:27:50', '2024-03-18 06:27:50'),
(7, 1, NULL, NULL, NULL, NULL, '2', 'SR', '', 'MAIN', 'SR-7#7POU', NULL, NULL, NULL, NULL, '[\"PM2\",\"PM2\"]', NULL, NULL, NULL, NULL, NULL, NULL, NULL, NULL, NULL, NULL, NULL, NULL, NULL, NULL, NULL, 0, NULL, NULL, NULL, NULL, NULL, NULL, NULL, NULL, NULL, NULL, NULL, NULL, '0', NULL, NULL, NULL, '2024-03-18 06:28:25', '2024-03-18 06:28:27'),
(8, 1, NULL, NULL, NULL, NULL, '2', 'SR', '', 'MAIN', 'SR-8#7AJH', NULL, NULL, NULL, NULL, '[\"PM11\"]', NULL, NULL, NULL, NULL, NULL, NULL, NULL, NULL, NULL, NULL, NULL, NULL, NULL, NULL, NULL, 0, NULL, NULL, NULL, NULL, NULL, NULL, NULL, NULL, NULL, NULL, NULL, NULL, NULL, NULL, NULL, NULL, '2024-03-18 06:39:51', '2024-03-18 06:39:51'),
(9, 1, NULL, NULL, NULL, NULL, '2', 'SR', '', 'MATERIALS', 'SR-9#AS9845', NULL, NULL, NULL, NULL, '[\"PM11\"]', NULL, NULL, NULL, NULL, NULL, NULL, NULL, NULL, NULL, NULL, NULL, NULL, NULL, NULL, NULL, 0, NULL, NULL, NULL, NULL, NULL, NULL, NULL, '2024-03-19', '89A7', NULL, NULL, NULL, NULL, NULL, NULL, NULL, '2024-03-19 02:30:51', '2024-03-19 02:30:51');

-- --------------------------------------------------------

--
-- Table structure for table `stock_receipt_list_items`
--

CREATE TABLE `stock_receipt_list_items` (
  `id` bigint(20) UNSIGNED NOT NULL,
  `item_masters_id` bigint(20) UNSIGNED DEFAULT NULL,
  `stock_receipts_id` bigint(20) UNSIGNED DEFAULT NULL,
  `item_name` varchar(255) DEFAULT NULL,
  `vendor_name` varchar(255) DEFAULT NULL,
  `item_code` varchar(100) DEFAULT NULL,
  `available_stock` varchar(100) DEFAULT NULL,
  `batch_number` varchar(255) DEFAULT NULL,
  `branch_code` varchar(255) DEFAULT NULL,
  `tax` varchar(255) DEFAULT NULL,
  `tax_amount` varchar(255) DEFAULT NULL,
  `gross_amount` varchar(255) DEFAULT NULL,
  `final_amount` varchar(255) DEFAULT NULL,
  `lot_no` varchar(255) DEFAULT NULL,
  `quantity` varchar(10) DEFAULT NULL,
  `rate` varchar(255) DEFAULT NULL,
  `price` varchar(255) DEFAULT NULL,
  `mfg_date` datetime DEFAULT NULL,
  `mfg_name` varchar(255) DEFAULT NULL,
  `expiry_date` datetime DEFAULT NULL,
  `Status` varchar(255) DEFAULT NULL,
  `Message` longtext DEFAULT NULL,
  `LastSavedDocNo` varchar(10) DEFAULT NULL,
  `LastSavedCode` varchar(10) DEFAULT NULL,
  `created_at` timestamp NULL DEFAULT NULL,
  `updated_at` timestamp NULL DEFAULT NULL
) ENGINE=InnoDB DEFAULT CHARSET=utf8mb4 COLLATE=utf8mb4_unicode_ci;

--
-- Dumping data for table `stock_receipt_list_items`
--

INSERT INTO `stock_receipt_list_items` (`id`, `item_masters_id`, `stock_receipts_id`, `item_name`, `vendor_name`, `item_code`, `available_stock`, `batch_number`, `branch_code`, `tax`, `tax_amount`, `gross_amount`, `final_amount`, `lot_no`, `quantity`, `rate`, `price`, `mfg_date`, `mfg_name`, `expiry_date`, `Status`, `Message`, `LastSavedDocNo`, `LastSavedCode`, `created_at`, `updated_at`) VALUES
(1, 10, 1, 'BOX FILE  (PVC)', 'SHIVAM LABEL -NEW DELHI', '8900010', '856', '', NULL, '12', '6.6', '55', '61.6', NULL, '10', NULL, '55.00', NULL, '', NULL, '0', 'Invalid Godown Name...Please Check', NULL, NULL, '2024-03-15 00:27:35', '2024-03-19 02:08:24'),
(2, 1, 1, 'CENTURY PAPER A4', 'SHIVAM LABEL -NEW DELHI', '8900001', '5000', '', NULL, '12', '17.76', '148', '165.76', NULL, '1', NULL, '148.00', NULL, '', NULL, '1', 'Document Saved Sucessfully...', NULL, NULL, '2024-03-15 00:27:35', '2024-03-15 00:27:41'),
(3, 2, 1, 'CENTURY PAPER LEGAL', 'SHIVAM LABEL -NEW DELHI', '8900002', '900', '', NULL, '12', '17.76', '148', '165.76', NULL, '25698', NULL, '148.00', NULL, '', NULL, '0', 'Invalid Godown Name...Please Check', NULL, NULL, '2024-03-15 00:27:35', '2024-03-19 02:08:25'),
(4, 1, 1, 'CENTURY PAPER A4', 'SHIVAM LABEL -NEW DELHI', '8900001', '5000', '', NULL, '12', '17.76', '148', '165.76', NULL, '1', NULL, '148.00', NULL, '', NULL, '1', 'Document Saved Sucessfully...', NULL, NULL, '2024-03-15 00:27:35', '2024-03-15 00:27:41'),
(5, 10, 2, 'BOX FILE  (PVC)', 'SHIVAM LABEL -NEW DELHI', '8900010', '856', '', NULL, '12', '6.6', '55', '61.6', NULL, '10', NULL, '55.00', NULL, '', NULL, '0', 'Invalid Godown Name...Please Check', NULL, NULL, '2024-03-15 00:36:53', '2024-03-19 02:08:27'),
(6, 1, 2, 'CENTURY PAPER A4', 'SHIVAM LABEL -NEW DELHI', '8900001', '5000', '', NULL, '12', '17.76', '148', '165.76', NULL, '1', NULL, '148.00', NULL, '', NULL, '1', 'Document Saved Sucessfully...', NULL, NULL, '2024-03-15 00:36:53', '2024-03-15 00:36:59'),
(7, 2, 2, 'CENTURY PAPER LEGAL', 'SHIVAM LABEL -NEW DELHI', '8900002', '900', '', NULL, '12', '17.76', '148', '165.76', NULL, '25698', NULL, '148.00', NULL, '', NULL, '0', 'Invalid Godown Name...Please Check', NULL, NULL, '2024-03-15 00:36:53', '2024-03-19 02:08:28'),
(8, 1, 2, 'CENTURY PAPER A4', 'SHIVAM LABEL -NEW DELHI', '8900001', '5000', '', NULL, '12', '17.76', '148', '165.76', NULL, '1', NULL, '148.00', NULL, '', NULL, '1', 'Document Saved Sucessfully...', NULL, NULL, '2024-03-15 00:36:53', '2024-03-15 00:36:59'),
(9, 1, 3, 'CENTURY PAPER A4', '', '8900001', '5000', '', NULL, '12', '17.76', '148', '165.76', NULL, '1', NULL, '148.00', NULL, '', NULL, '1', 'Document Saved Sucessfully...', NULL, NULL, '2024-03-15 00:37:30', '2024-03-15 00:37:37'),
(10, 1, 3, 'CENTURY PAPER A4', '', '8900001', '5000', '', NULL, '12', '17.76', '148', '165.76', NULL, '1', NULL, '148.00', NULL, '', NULL, '1', 'Document Saved Sucessfully...', NULL, NULL, '2024-03-15 00:37:30', '2024-03-15 00:37:37'),
(11, 1, 3, 'CENTURY PAPER A4', '', '8900001', '5000', '', NULL, '12', '17.76', '148', '165.76', NULL, '1', NULL, '148.00', NULL, '', NULL, '1', 'Document Saved Sucessfully...', NULL, NULL, '2024-03-15 00:37:30', '2024-03-15 00:37:37'),
(12, 1, 3, 'CENTURY PAPER A4', '', '8900001', '5000', '', NULL, '12', '17.76', '148', '165.76', NULL, '1', NULL, '148.00', NULL, '', NULL, '1', 'Document Saved Sucessfully...', NULL, NULL, '2024-03-15 00:37:30', '2024-03-15 00:37:37'),
(13, 2, 4, 'CENTURY PAPER LEGAL', '', '8900002', '900', '', NULL, '12', '17.76', '148', '165.76', NULL, '1', NULL, '148.00', NULL, '', NULL, '1', 'Document Saved Sucessfully...', NULL, NULL, '2024-03-18 05:37:15', '2024-03-18 05:37:17'),
(14, 3, 5, 'USE & THROUGH PEN', '', '8900003', '5000', '', NULL, '12', '0.156', '1.3', '1.456', NULL, '1', NULL, '1.30', NULL, '', NULL, '1', 'Document Saved Sucessfully...', NULL, NULL, '2024-03-18 05:37:46', '2024-03-18 05:37:48'),
(15, NULL, 7, 'Beyond Blue Bottle', NULL, 'PM2', NULL, 'ASY78', NULL, NULL, NULL, NULL, '200', NULL, '200', NULL, '1', '2024-03-18 00:00:00', 'JK', NULL, '0', 'Invalid Godown Name...Please Check', NULL, NULL, '2024-03-18 06:28:25', '2024-03-19 02:08:30'),
(16, NULL, 7, 'Beyond Blue Bottle', NULL, 'PM2', NULL, 'ASY78', NULL, NULL, NULL, NULL, '200', NULL, '200', NULL, '1', '2024-03-18 00:00:00', 'JD', NULL, '0', 'Invalid Godown Name...Please Check', NULL, NULL, '2024-03-18 06:28:25', '2024-03-19 02:08:31'),
(17, NULL, 8, 'SHIPPER- DETERGENT POWDER 1 KG', NULL, 'PM11', NULL, 'ATYU676', NULL, NULL, NULL, NULL, '5649', NULL, '5649', NULL, '1', '2024-03-18 00:00:00', 'JD', NULL, '0', 'Invalid Godown Name...Please Check', NULL, NULL, '2024-03-18 06:39:51', '2024-03-19 02:08:33'),
(18, NULL, 9, 'SHIPPER- DETERGENT POWDER 1 KG', NULL, 'PM11', NULL, 'ATYU676', NULL, NULL, NULL, NULL, '100', NULL, '100', NULL, '1', '2024-03-19 00:00:00', 'JK N', NULL, NULL, NULL, NULL, NULL, '2024-03-19 02:30:51', '2024-03-19 02:30:51');

-- --------------------------------------------------------

--
-- Table structure for table `users`
--

CREATE TABLE `users` (
  `id` bigint(20) UNSIGNED NOT NULL,
  `name` varchar(255) NOT NULL,
  `phone` varchar(255) NOT NULL,
  `email` varchar(255) NOT NULL,
  `password` varchar(255) NOT NULL,
  `ul` varchar(255) DEFAULT NULL,
  `user_group` varchar(20) DEFAULT NULL,
  `user_type` varchar(90) DEFAULT NULL,
  `status` enum('Enabled','Disabled') DEFAULT NULL,
  `view` int(11) DEFAULT NULL,
  `group_id` bigint(20) UNSIGNED DEFAULT NULL,
  `state_id` bigint(20) UNSIGNED DEFAULT NULL,
  `state` varchar(50) NOT NULL,
  `role` varchar(50) NOT NULL,
  `last_login` datetime DEFAULT NULL,
  `last_logout` datetime DEFAULT NULL,
  `created_at` timestamp NULL DEFAULT NULL,
  `updated_at` timestamp NULL DEFAULT NULL
) ENGINE=InnoDB DEFAULT CHARSET=utf8mb4 COLLATE=utf8mb4_unicode_ci;

--
-- Dumping data for table `users`
--

INSERT INTO `users` (`id`, `name`, `phone`, `email`, `password`, `ul`, `user_group`, `user_type`, `status`, `view`, `group_id`, `state_id`, `state`, `role`, `last_login`, `last_logout`, `created_at`, `updated_at`) VALUES
(1, 'Admin', '', 'admin@gmail.com', '$2y$10$i1M6J1eAht71xTpaE5iuuO5eL5AJDhniROpKLj3uFHcDcrnDUf/76', '2', NULL, '', NULL, NULL, NULL, NULL, 'Delhi', 'superadmin', NULL, NULL, '2024-03-18 08:21:14', '2024-03-18 08:21:14'),
(2, 'GLAMIC HYGIENE', '9871103624', 'GLAMICHYGIENE@YAHOO.COM', 'b59a62e943ac92fbf4abff62e97048335658e259ad74c2798a8da0b927696da0fbc0a22999e8e91f01529506bfffae6f24fc68c0729e07374d44a7b6073ab8be', '2', NULL, '', 'Enabled', 1, 1, 1, '', '36', '2024-03-18 20:28:36', '2023-10-26 12:26:31', NULL, NULL),
(3, 'JERICHEM', '9105590586', 'JERICHEM@JERICHO.CO.IN', '57e1e94b874aa87fab9fe8a67674b113b846aacac0b875a82a152f0652907d8e7413badc49b84ca3283c727a5e6507a58a1f594350a9948371790eaa6a38be4e', '5', 'none', '36', 'Enabled', 1, 1, 1, '', '', '2023-07-25 16:32:18', '2024-03-19 09:27:02', NULL, NULL);

-- --------------------------------------------------------

--
-- Table structure for table `user_item_master`
--

CREATE TABLE `user_item_master` (
  `id` int(11) NOT NULL,
  `groupid` int(11) NOT NULL,
  `user_id` int(11) NOT NULL,
  `item_code` int(11) DEFAULT NULL,
  `user_code` varchar(255) DEFAULT NULL,
  `location` int(11) DEFAULT NULL,
  `vendor` varchar(255) DEFAULT NULL,
  `notes` varchar(300) DEFAULT NULL,
  `created_on` datetime NOT NULL,
  `created_by` varchar(255) NOT NULL
) ENGINE=InnoDB DEFAULT CHARSET=utf8 COLLATE=utf8_unicode_ci;

--
-- Dumping data for table `user_item_master`
--

INSERT INTO `user_item_master` (`id`, `groupid`, `user_id`, `item_code`, `user_code`, `location`, `vendor`, `notes`, `created_on`, `created_by`) VALUES
(2, 1, 1, 13, 'ATSONYL', 2, '', '', '2024-03-14 14:08:59', '1'),
(3, 1, 1, 19, 'WATER', 2, '', '', '2024-03-14 14:10:07', '1'),
(4, 1, 830, 14, 'RM00028 PERFUME JASMONELLA', 5, '', '', '2024-03-14 14:11:12', '830'),
(5, 1, 830, 15, 'RM00042 POLYMER SOKALAN CP-5', 5, '', '', '2024-03-14 14:11:27', '830'),
(6, 1, 830, 16, 'RM00038 SODA ASH LIGHT', 5, '', '', '2024-03-14 14:13:46', '830'),
(7, 1, 830, 17, 'RM00009 TINOPAL CBSX', 5, '', '', '2024-03-14 14:13:57', '830'),
(8, 1, 830, 21, 'RM00013 COLOURED SPECKLES BLUE  AND ORANGE', 5, '', '', '2024-03-14 14:14:47', '830'),
(9, 1, 830, 25, 'RM00019 LABSA ', 5, '', '', '2024-03-14 14:15:03', '830'),
(10, 1, 830, 23, 'RM00034 SALT POWDER', 5, '', '', '2024-03-14 14:15:18', '830'),
(11, 1, 830, 27, 'RM00033 PPT SILICA MFIL 100 SPL', 5, '', '', '2024-03-14 14:15:38', '830'),
(12, 1, 830, 2, 'PM00015 LAMINATE 1KG WASHMATE', 5, '', '', '2024-03-14 14:16:07', '830'),
(13, 1, 830, 3, 'PM00016 WASHMATE 1000G CARTON', 5, '', '', '2024-03-14 14:16:39', '830'),
(14, 1, 1, 12, 'TAPE', 2, '', '', '2024-03-14 14:17:59', '1'),
(15, 1, 1, 9, 'PLUG BEYOND BLUE', 2, '', '', '2024-03-14 14:19:06', '1'),
(16, 1, 1, 10, 'SHIPPER', 2, '', '', '2024-03-14 14:19:19', '1'),
(17, 1, 1, 1, 'BACK LABEL', 2, '', '', '2024-03-14 15:26:56', '1'),
(18, 1, 1, 5, 'BOTTLE BEYOND BLUE', 2, '', '', '2024-03-14 15:27:59', '1'),
(19, 1, 1, 6, 'CAP', 2, '', '', '2024-03-14 15:28:31', '1'),
(20, 1, 1, 7, 'CHILD LOCK STICKER', 2, '', '', '2024-03-14 15:29:29', '1'),
(21, 1, 1, 4, 'INKJET', 2, '', '', '2024-03-14 15:30:20', '1'),
(22, 1, 1, 8, 'FRONT LABEL', 2, '', '', '2024-03-14 15:30:57', '1'),
(23, 1, 1, 18, 'ACID THICKNER', 2, '', '', '2024-03-14 15:31:23', '1'),
(24, 1, 1, 20, 'COLOUR', 2, '', '', '2024-03-14 15:32:08', '1'),
(25, 1, 1, 11, 'SHRINK', 2, '', '', '2024-03-14 15:32:44', '1'),
(26, 1, 1, 22, 'C TECH', 2, '', '', '2024-03-14 15:33:19', '1'),
(27, 1, 1, 24, 'ACID', 2, '', '', '2024-03-14 15:33:42', '1'),
(28, 1, 1, 26, 'METHYLE', 2, '', '', '2024-03-14 15:34:25', '1');

-- --------------------------------------------------------

--
-- Table structure for table `user_types`
--

CREATE TABLE `user_types` (
  `id` bigint(20) UNSIGNED NOT NULL,
  `user_type` varchar(255) DEFAULT NULL,
  `department_id` bigint(20) UNSIGNED DEFAULT NULL,
  `status` varchar(255) NOT NULL DEFAULT 'disabled',
  `created_at` timestamp NULL DEFAULT NULL,
  `updated_at` timestamp NULL DEFAULT NULL
) ENGINE=InnoDB DEFAULT CHARSET=utf8mb4 COLLATE=utf8mb4_unicode_ci;

--
-- Indexes for dumped tables
--

--
-- Indexes for table `groups`
--
ALTER TABLE `groups`
  ADD PRIMARY KEY (`id`);

--
-- Indexes for table `item_masters`
--
ALTER TABLE `item_masters`
  ADD PRIMARY KEY (`id`);

--
-- Indexes for table `m99branchmaster`
--
ALTER TABLE `m99branchmaster`
  ADD PRIMARY KEY (`id`);

--
-- Indexes for table `migrations`
--
ALTER TABLE `migrations`
  ADD PRIMARY KEY (`id`);

--
-- Indexes for table `password_reset_tokens`
--
ALTER TABLE `password_reset_tokens`
  ADD PRIMARY KEY (`email`);

--
-- Indexes for table `personal_access_tokens`
--
ALTER TABLE `personal_access_tokens`
  ADD PRIMARY KEY (`id`),
  ADD UNIQUE KEY `personal_access_tokens_token_unique` (`token`),
  ADD KEY `personal_access_tokens_tokenable_type_tokenable_id_index` (`tokenable_type`,`tokenable_id`);

--
-- Indexes for table `po_vendor_mst`
--
ALTER TABLE `po_vendor_mst`
  ADD PRIMARY KEY (`vendor_id`);

--
-- Indexes for table `product_mst`
--
ALTER TABLE `product_mst`
  ADD PRIMARY KEY (`iem_id`);

--
-- Indexes for table `stock_outs`
--
ALTER TABLE `stock_outs`
  ADD PRIMARY KEY (`id`),
  ADD KEY `stock_outs_stock_receipt_list_id_index` (`stock_receipt_list_id`);

--
-- Indexes for table `stock_receipts`
--
ALTER TABLE `stock_receipts`
  ADD PRIMARY KEY (`id`),
  ADD KEY `stock_receipts_item_masters_id_index` (`item_masters_id`),
  ADD KEY `stock_receipts_user_id_index` (`user_id`);

--
-- Indexes for table `stock_receipt_list_items`
--
ALTER TABLE `stock_receipt_list_items`
  ADD PRIMARY KEY (`id`),
  ADD KEY `stock_receipt_list_items_item_masters_id_index` (`item_masters_id`),
  ADD KEY `stock_receipt_list_items_stock_receipts_id_index` (`stock_receipts_id`);

--
-- Indexes for table `users`
--
ALTER TABLE `users`
  ADD PRIMARY KEY (`id`),
  ADD UNIQUE KEY `users_email_unique` (`email`),
  ADD KEY `users_group_id_index` (`group_id`),
  ADD KEY `users_state_id_index` (`state_id`);

--
-- Indexes for table `user_item_master`
--
ALTER TABLE `user_item_master`
  ADD PRIMARY KEY (`id`);

--
-- Indexes for table `user_types`
--
ALTER TABLE `user_types`
  ADD PRIMARY KEY (`id`),
  ADD KEY `user_types_department_id_index` (`department_id`);

--
-- AUTO_INCREMENT for dumped tables
--

--
-- AUTO_INCREMENT for table `groups`
--
ALTER TABLE `groups`
  MODIFY `id` bigint(20) UNSIGNED NOT NULL AUTO_INCREMENT;

--
-- AUTO_INCREMENT for table `item_masters`
--
ALTER TABLE `item_masters`
  MODIFY `id` bigint(20) UNSIGNED NOT NULL AUTO_INCREMENT, AUTO_INCREMENT=14;

--
-- AUTO_INCREMENT for table `m99branchmaster`
--
ALTER TABLE `m99branchmaster`
  MODIFY `id` int(11) NOT NULL AUTO_INCREMENT, AUTO_INCREMENT=6;

--
-- AUTO_INCREMENT for table `migrations`
--
ALTER TABLE `migrations`
  MODIFY `id` int(10) UNSIGNED NOT NULL AUTO_INCREMENT, AUTO_INCREMENT=44;

--
-- AUTO_INCREMENT for table `personal_access_tokens`
--
ALTER TABLE `personal_access_tokens`
  MODIFY `id` bigint(20) UNSIGNED NOT NULL AUTO_INCREMENT;

--
-- AUTO_INCREMENT for table `po_vendor_mst`
--
ALTER TABLE `po_vendor_mst`
  MODIFY `vendor_id` int(11) NOT NULL AUTO_INCREMENT, AUTO_INCREMENT=84;

--
-- AUTO_INCREMENT for table `product_mst`
--
ALTER TABLE `product_mst`
  MODIFY `iem_id` int(11) NOT NULL AUTO_INCREMENT, AUTO_INCREMENT=28;

--
-- AUTO_INCREMENT for table `stock_outs`
--
ALTER TABLE `stock_outs`
  MODIFY `id` bigint(20) UNSIGNED NOT NULL AUTO_INCREMENT;

--
-- AUTO_INCREMENT for table `stock_receipts`
--
ALTER TABLE `stock_receipts`
  MODIFY `id` bigint(20) UNSIGNED NOT NULL AUTO_INCREMENT, AUTO_INCREMENT=10;

--
-- AUTO_INCREMENT for table `stock_receipt_list_items`
--
ALTER TABLE `stock_receipt_list_items`
  MODIFY `id` bigint(20) UNSIGNED NOT NULL AUTO_INCREMENT, AUTO_INCREMENT=19;

--
-- AUTO_INCREMENT for table `users`
--
ALTER TABLE `users`
  MODIFY `id` bigint(20) UNSIGNED NOT NULL AUTO_INCREMENT, AUTO_INCREMENT=4;

--
-- AUTO_INCREMENT for table `user_item_master`
--
ALTER TABLE `user_item_master`
  MODIFY `id` int(11) NOT NULL AUTO_INCREMENT, AUTO_INCREMENT=29;

--
-- AUTO_INCREMENT for table `user_types`
--
ALTER TABLE `user_types`
  MODIFY `id` bigint(20) UNSIGNED NOT NULL AUTO_INCREMENT;
COMMIT;

/*!40101 SET CHARACTER_SET_CLIENT=@OLD_CHARACTER_SET_CLIENT */;
/*!40101 SET CHARACTER_SET_RESULTS=@OLD_CHARACTER_SET_RESULTS */;
/*!40101 SET COLLATION_CONNECTION=@OLD_COLLATION_CONNECTION */;
